label	set	time	source	image	video
AT_CH	test	2	Pixel	video_data/AT_CH/test_Pixel_0002_0061.jpeg	../dados_indoor_location/Pixel/Vision/1218268340520551_atrio_a_que_cheira.mp4
AT_CH	test	6	Pixel	video_data/AT_CH/test_Pixel_0006_0181.jpeg	../dados_indoor_location/Pixel/Vision/1218268340520551_atrio_a_que_cheira.mp4
AT_CH	test	8	Pixel	video_data/AT_CH/test_Pixel_0008_0241.jpeg	../dados_indoor_location/Pixel/Vision/1218268340520551_atrio_a_que_cheira.mp4
AT_CH	test	10	Pixel	video_data/AT_CH/test_Pixel_0010_0301.jpeg	../dados_indoor_location/Pixel/Vision/1218268340520551_atrio_a_que_cheira.mp4
AT_CH	test	13	Pixel	video_data/AT_CH/test_Pixel_0013_0391.jpeg	../dados_indoor_location/Pixel/Vision/1218268340520551_atrio_a_que_cheira.mp4
AT_CH	test	16	Pixel	video_data/AT_CH/test_Pixel_0016_0481.jpeg	../dados_indoor_location/Pixel/Vision/1218268340520551_atrio_a_que_cheira.mp4
AT_CH	test	17	Pixel	video_data/AT_CH/test_Pixel_0017_0511.jpeg	../dados_indoor_location/Pixel/Vision/1218268340520551_atrio_a_que_cheira.mp4
AT_CH	test	23	Pixel	video_data/AT_CH/test_Pixel_0023_0691.jpeg	../dados_indoor_location/Pixel/Vision/1218268340520551_atrio_a_que_cheira.mp4
AT_CH	test	31	Pixel	video_data/AT_CH/test_Pixel_0031_0931.jpeg	../dados_indoor_location/Pixel/Vision/1218268340520551_atrio_a_que_cheira.mp4
AT_CH	test	36	Pixel	video_data/AT_CH/test_Pixel_0036_1081.jpeg	../dados_indoor_location/Pixel/Vision/1218268340520551_atrio_a_que_cheira.mp4
AT_CH	test	40	Pixel	video_data/AT_CH/test_Pixel_0040_1201.jpeg	../dados_indoor_location/Pixel/Vision/1218268340520551_atrio_a_que_cheira.mp4
AT_CH	test	42	Pixel	video_data/AT_CH/test_Pixel_0042_1261.jpeg	../dados_indoor_location/Pixel/Vision/1218268340520551_atrio_a_que_cheira.mp4
AT_CH	test	46	Pixel	video_data/AT_CH/test_Pixel_0046_1381.jpeg	../dados_indoor_location/Pixel/Vision/1218268340520551_atrio_a_que_cheira.mp4
AT_CH	test	50	Pixel	video_data/AT_CH/test_Pixel_0050_1501.jpeg	../dados_indoor_location/Pixel/Vision/1218268340520551_atrio_a_que_cheira.mp4
AT_CH	test	56	Pixel	video_data/AT_CH/test_Pixel_0056_1681.jpeg	../dados_indoor_location/Pixel/Vision/1218268340520551_atrio_a_que_cheira.mp4
AT_CH	test	62	Pixel	video_data/AT_CH/test_Pixel_0062_1861.jpeg	../dados_indoor_location/Pixel/Vision/1218268340520551_atrio_a_que_cheira.mp4
AT_CH	test	72	Pixel	video_data/AT_CH/test_Pixel_0072_2161.jpeg	../dados_indoor_location/Pixel/Vision/1218268340520551_atrio_a_que_cheira.mp4
AT_CH	test	75	Pixel	video_data/AT_CH/test_Pixel_0075_2251.jpeg	../dados_indoor_location/Pixel/Vision/1218268340520551_atrio_a_que_cheira.mp4
AT_CH	test	78	Pixel	video_data/AT_CH/test_Pixel_0078_2341.jpeg	../dados_indoor_location/Pixel/Vision/1218268340520551_atrio_a_que_cheira.mp4
AT_CH	test	79	Pixel	video_data/AT_CH/test_Pixel_0079_2371.jpeg	../dados_indoor_location/Pixel/Vision/1218268340520551_atrio_a_que_cheira.mp4
AT_CH	test	80	Pixel	video_data/AT_CH/test_Pixel_0080_2401.jpeg	../dados_indoor_location/Pixel/Vision/1218268340520551_atrio_a_que_cheira.mp4
AT_CH	test	83	Pixel	video_data/AT_CH/test_Pixel_0083_2492.jpeg	../dados_indoor_location/Pixel/Vision/1218268340520551_atrio_a_que_cheira.mp4
AT_CH	test	89	Pixel	video_data/AT_CH/test_Pixel_0089_2672.jpeg	../dados_indoor_location/Pixel/Vision/1218268340520551_atrio_a_que_cheira.mp4
AT_CH	test	96	Pixel	video_data/AT_CH/test_Pixel_0096_2882.jpeg	../dados_indoor_location/Pixel/Vision/1218268340520551_atrio_a_que_cheira.mp4
AT_CH	test	100	Pixel	video_data/AT_CH/test_Pixel_0100_3002.jpeg	../dados_indoor_location/Pixel/Vision/1218268340520551_atrio_a_que_cheira.mp4
AT_CH	test	106	Pixel	video_data/AT_CH/test_Pixel_0106_3182.jpeg	../dados_indoor_location/Pixel/Vision/1218268340520551_atrio_a_que_cheira.mp4
AT_CH	test	110	Pixel	video_data/AT_CH/test_Pixel_0110_3302.jpeg	../dados_indoor_location/Pixel/Vision/1218268340520551_atrio_a_que_cheira.mp4
AT_CH	test	112	Pixel	video_data/AT_CH/test_Pixel_0112_3362.jpeg	../dados_indoor_location/Pixel/Vision/1218268340520551_atrio_a_que_cheira.mp4
AT_CH	test	113	Pixel	video_data/AT_CH/test_Pixel_0113_3392.jpeg	../dados_indoor_location/Pixel/Vision/1218268340520551_atrio_a_que_cheira.mp4
AT_CA	test	2	Pixel	video_data/AT_CA/test_Pixel_0002_0061.jpeg	../dados_indoor_location/Pixel/Vision/1218390229954881_atrio_caes_principio_etico.mp4
AT_CA	test	5	Pixel	video_data/AT_CA/test_Pixel_0005_0151.jpeg	../dados_indoor_location/Pixel/Vision/1218390229954881_atrio_caes_principio_etico.mp4
AT_CA	test	10	Pixel	video_data/AT_CA/test_Pixel_0010_0301.jpeg	../dados_indoor_location/Pixel/Vision/1218390229954881_atrio_caes_principio_etico.mp4
AT_CA	test	11	Pixel	video_data/AT_CA/test_Pixel_0011_0331.jpeg	../dados_indoor_location/Pixel/Vision/1218390229954881_atrio_caes_principio_etico.mp4
AT_CA	test	12	Pixel	video_data/AT_CA/test_Pixel_0012_0361.jpeg	../dados_indoor_location/Pixel/Vision/1218390229954881_atrio_caes_principio_etico.mp4
AT_CA	test	20	Pixel	video_data/AT_CA/test_Pixel_0020_0601.jpeg	../dados_indoor_location/Pixel/Vision/1218390229954881_atrio_caes_principio_etico.mp4
AT_CA	test	23	Pixel	video_data/AT_CA/test_Pixel_0023_0691.jpeg	../dados_indoor_location/Pixel/Vision/1218390229954881_atrio_caes_principio_etico.mp4
AT_CA	test	24	Pixel	video_data/AT_CA/test_Pixel_0024_0721.jpeg	../dados_indoor_location/Pixel/Vision/1218390229954881_atrio_caes_principio_etico.mp4
AT_CA	test	26	Pixel	video_data/AT_CA/test_Pixel_0026_0781.jpeg	../dados_indoor_location/Pixel/Vision/1218390229954881_atrio_caes_principio_etico.mp4
AT_CA	test	42	Pixel	video_data/AT_CA/test_Pixel_0042_1261.jpeg	../dados_indoor_location/Pixel/Vision/1218390229954881_atrio_caes_principio_etico.mp4
AT_CA	test	46	Pixel	video_data/AT_CA/test_Pixel_0046_1381.jpeg	../dados_indoor_location/Pixel/Vision/1218390229954881_atrio_caes_principio_etico.mp4
AT_CA	test	51	Pixel	video_data/AT_CA/test_Pixel_0051_1531.jpeg	../dados_indoor_location/Pixel/Vision/1218390229954881_atrio_caes_principio_etico.mp4
AT_CA	test	59	Pixel	video_data/AT_CA/test_Pixel_0059_1771.jpeg	../dados_indoor_location/Pixel/Vision/1218390229954881_atrio_caes_principio_etico.mp4
AT_CA	test	61	Pixel	video_data/AT_CA/test_Pixel_0061_1831.jpeg	../dados_indoor_location/Pixel/Vision/1218390229954881_atrio_caes_principio_etico.mp4
AT_CA	test	62	Pixel	video_data/AT_CA/test_Pixel_0062_1861.jpeg	../dados_indoor_location/Pixel/Vision/1218390229954881_atrio_caes_principio_etico.mp4
AT_CA	test	63	Pixel	video_data/AT_CA/test_Pixel_0063_1891.jpeg	../dados_indoor_location/Pixel/Vision/1218390229954881_atrio_caes_principio_etico.mp4
AT_CA	test	68	Pixel	video_data/AT_CA/test_Pixel_0068_2041.jpeg	../dados_indoor_location/Pixel/Vision/1218390229954881_atrio_caes_principio_etico.mp4
AT_CA	test	69	Pixel	video_data/AT_CA/test_Pixel_0069_2071.jpeg	../dados_indoor_location/Pixel/Vision/1218390229954881_atrio_caes_principio_etico.mp4
AT_CA	test	70	Pixel	video_data/AT_CA/test_Pixel_0070_2101.jpeg	../dados_indoor_location/Pixel/Vision/1218390229954881_atrio_caes_principio_etico.mp4
AT_CA	test	77	Pixel	video_data/AT_CA/test_Pixel_0077_2311.jpeg	../dados_indoor_location/Pixel/Vision/1218390229954881_atrio_caes_principio_etico.mp4
AT_CA	test	80	Pixel	video_data/AT_CA/test_Pixel_0080_2401.jpeg	../dados_indoor_location/Pixel/Vision/1218390229954881_atrio_caes_principio_etico.mp4
AT_CA	test	81	Pixel	video_data/AT_CA/test_Pixel_0081_2431.jpeg	../dados_indoor_location/Pixel/Vision/1218390229954881_atrio_caes_principio_etico.mp4
AT_CA	test	87	Pixel	video_data/AT_CA/test_Pixel_0087_2612.jpeg	../dados_indoor_location/Pixel/Vision/1218390229954881_atrio_caes_principio_etico.mp4
AT_CA	test	90	Pixel	video_data/AT_CA/test_Pixel_0090_2702.jpeg	../dados_indoor_location/Pixel/Vision/1218390229954881_atrio_caes_principio_etico.mp4
AT_CA	test	94	Pixel	video_data/AT_CA/test_Pixel_0094_2822.jpeg	../dados_indoor_location/Pixel/Vision/1218390229954881_atrio_caes_principio_etico.mp4
AT_I1	test	2	Pixel	video_data/AT_I1/test_Pixel_0002_0061.jpeg	../dados_indoor_location/Pixel/Vision/1218534582745199_atrio_diluicao_como_espetaculo.mp4
AT_I1	test	3	Pixel	video_data/AT_I1/test_Pixel_0003_0091.jpeg	../dados_indoor_location/Pixel/Vision/1218534582745199_atrio_diluicao_como_espetaculo.mp4
AT_I1	test	5	Pixel	video_data/AT_I1/test_Pixel_0005_0151.jpeg	../dados_indoor_location/Pixel/Vision/1218534582745199_atrio_diluicao_como_espetaculo.mp4
AT_I1	test	6	Pixel	video_data/AT_I1/test_Pixel_0006_0181.jpeg	../dados_indoor_location/Pixel/Vision/1218534582745199_atrio_diluicao_como_espetaculo.mp4
AT_I1	test	7	Pixel	video_data/AT_I1/test_Pixel_0007_0211.jpeg	../dados_indoor_location/Pixel/Vision/1218534582745199_atrio_diluicao_como_espetaculo.mp4
AT_I1	test	9	Pixel	video_data/AT_I1/test_Pixel_0009_0271.jpeg	../dados_indoor_location/Pixel/Vision/1218534582745199_atrio_diluicao_como_espetaculo.mp4
AT_I1	test	17	Pixel	video_data/AT_I1/test_Pixel_0017_0511.jpeg	../dados_indoor_location/Pixel/Vision/1218534582745199_atrio_diluicao_como_espetaculo.mp4
AT_I1	test	19	Pixel	video_data/AT_I1/test_Pixel_0019_0571.jpeg	../dados_indoor_location/Pixel/Vision/1218534582745199_atrio_diluicao_como_espetaculo.mp4
AT_I1	test	31	Pixel	video_data/AT_I1/test_Pixel_0031_0931.jpeg	../dados_indoor_location/Pixel/Vision/1218534582745199_atrio_diluicao_como_espetaculo.mp4
AT_I1	test	44	Pixel	video_data/AT_I1/test_Pixel_0044_1321.jpeg	../dados_indoor_location/Pixel/Vision/1218534582745199_atrio_diluicao_como_espetaculo.mp4
AT_I1	test	46	Pixel	video_data/AT_I1/test_Pixel_0046_1381.jpeg	../dados_indoor_location/Pixel/Vision/1218534582745199_atrio_diluicao_como_espetaculo.mp4
AT_I1	test	47	Pixel	video_data/AT_I1/test_Pixel_0047_1411.jpeg	../dados_indoor_location/Pixel/Vision/1218534582745199_atrio_diluicao_como_espetaculo.mp4
AT_I1	test	57	Pixel	video_data/AT_I1/test_Pixel_0057_1711.jpeg	../dados_indoor_location/Pixel/Vision/1218534582745199_atrio_diluicao_como_espetaculo.mp4
AT_I1	test	59	Pixel	video_data/AT_I1/test_Pixel_0059_1771.jpeg	../dados_indoor_location/Pixel/Vision/1218534582745199_atrio_diluicao_como_espetaculo.mp4
AT_I1	test	60	Pixel	video_data/AT_I1/test_Pixel_0060_1801.jpeg	../dados_indoor_location/Pixel/Vision/1218534582745199_atrio_diluicao_como_espetaculo.mp4
AT_I1	test	68	Pixel	video_data/AT_I1/test_Pixel_0068_2041.jpeg	../dados_indoor_location/Pixel/Vision/1218534582745199_atrio_diluicao_como_espetaculo.mp4
AT_I1	test	72	Pixel	video_data/AT_I1/test_Pixel_0072_2161.jpeg	../dados_indoor_location/Pixel/Vision/1218534582745199_atrio_diluicao_como_espetaculo.mp4
AT_I1	test	77	Pixel	video_data/AT_I1/test_Pixel_0077_2311.jpeg	../dados_indoor_location/Pixel/Vision/1218534582745199_atrio_diluicao_como_espetaculo.mp4
AT_I1	test	82	Pixel	video_data/AT_I1/test_Pixel_0082_2461.jpeg	../dados_indoor_location/Pixel/Vision/1218534582745199_atrio_diluicao_como_espetaculo.mp4
AT_I1	test	85	Pixel	video_data/AT_I1/test_Pixel_0085_2551.jpeg	../dados_indoor_location/Pixel/Vision/1218534582745199_atrio_diluicao_como_espetaculo.mp4
AT_I1	test	89	Pixel	video_data/AT_I1/test_Pixel_0089_2671.jpeg	../dados_indoor_location/Pixel/Vision/1218534582745199_atrio_diluicao_como_espetaculo.mp4
AT_I1	test	90	Pixel	video_data/AT_I1/test_Pixel_0090_2701.jpeg	../dados_indoor_location/Pixel/Vision/1218534582745199_atrio_diluicao_como_espetaculo.mp4
AT_I1	test	91	Pixel	video_data/AT_I1/test_Pixel_0091_2731.jpeg	../dados_indoor_location/Pixel/Vision/1218534582745199_atrio_diluicao_como_espetaculo.mp4
AT_I1	test	102	Pixel	video_data/AT_I1/test_Pixel_0102_3061.jpeg	../dados_indoor_location/Pixel/Vision/1218534582745199_atrio_diluicao_como_espetaculo.mp4
AT_I1	test	113	Pixel	video_data/AT_I1/test_Pixel_0113_3391.jpeg	../dados_indoor_location/Pixel/Vision/1218534582745199_atrio_diluicao_como_espetaculo.mp4
AT_I1	test	116	Pixel	video_data/AT_I1/test_Pixel_0116_3481.jpeg	../dados_indoor_location/Pixel/Vision/1218534582745199_atrio_diluicao_como_espetaculo.mp4
AT_I1	test	120	Pixel	video_data/AT_I1/test_Pixel_0120_3601.jpeg	../dados_indoor_location/Pixel/Vision/1218534582745199_atrio_diluicao_como_espetaculo.mp4
SS	test	16	Pixel	video_data/SS/test_Pixel_0016_0480.jpeg	../dados_indoor_location/Pixel/Vision/1222850011619627_selecao_sexual.mp4
SS	test	22	Pixel	video_data/SS/test_Pixel_0022_0660.jpeg	../dados_indoor_location/Pixel/Vision/1222850011619627_selecao_sexual.mp4
SS	test	31	Pixel	video_data/SS/test_Pixel_0031_0930.jpeg	../dados_indoor_location/Pixel/Vision/1222850011619627_selecao_sexual.mp4
SS	test	35	Pixel	video_data/SS/test_Pixel_0035_1050.jpeg	../dados_indoor_location/Pixel/Vision/1222850011619627_selecao_sexual.mp4
SS	test	41	Pixel	video_data/SS/test_Pixel_0041_1230.jpeg	../dados_indoor_location/Pixel/Vision/1222850011619627_selecao_sexual.mp4
SS	test	48	Pixel	video_data/SS/test_Pixel_0048_1440.jpeg	../dados_indoor_location/Pixel/Vision/1222850011619627_selecao_sexual.mp4
SS	test	58	Pixel	video_data/SS/test_Pixel_0058_1740.jpeg	../dados_indoor_location/Pixel/Vision/1222850011619627_selecao_sexual.mp4
SS	test	64	Pixel	video_data/SS/test_Pixel_0064_1920.jpeg	../dados_indoor_location/Pixel/Vision/1222850011619627_selecao_sexual.mp4
SS	test	70	Pixel	video_data/SS/test_Pixel_0070_2100.jpeg	../dados_indoor_location/Pixel/Vision/1222850011619627_selecao_sexual.mp4
SS	test	74	Pixel	video_data/SS/test_Pixel_0074_2220.jpeg	../dados_indoor_location/Pixel/Vision/1222850011619627_selecao_sexual.mp4
SS	test	77	Pixel	video_data/SS/test_Pixel_0077_2310.jpeg	../dados_indoor_location/Pixel/Vision/1222850011619627_selecao_sexual.mp4
SS	test	78	Pixel	video_data/SS/test_Pixel_0078_2340.jpeg	../dados_indoor_location/Pixel/Vision/1222850011619627_selecao_sexual.mp4
SS	test	86	Pixel	video_data/SS/test_Pixel_0086_2580.jpeg	../dados_indoor_location/Pixel/Vision/1222850011619627_selecao_sexual.mp4
SS	test	90	Pixel	video_data/SS/test_Pixel_0090_2700.jpeg	../dados_indoor_location/Pixel/Vision/1222850011619627_selecao_sexual.mp4
SS	test	100	Pixel	video_data/SS/test_Pixel_0100_3000.jpeg	../dados_indoor_location/Pixel/Vision/1222850011619627_selecao_sexual.mp4
SS	test	105	Pixel	video_data/SS/test_Pixel_0105_3150.jpeg	../dados_indoor_location/Pixel/Vision/1222850011619627_selecao_sexual.mp4
SS	test	110	Pixel	video_data/SS/test_Pixel_0110_3300.jpeg	../dados_indoor_location/Pixel/Vision/1222850011619627_selecao_sexual.mp4
SS	test	111	Pixel	video_data/SS/test_Pixel_0111_3330.jpeg	../dados_indoor_location/Pixel/Vision/1222850011619627_selecao_sexual.mp4
SS	test	113	Pixel	video_data/SS/test_Pixel_0113_3390.jpeg	../dados_indoor_location/Pixel/Vision/1222850011619627_selecao_sexual.mp4
SS	test	115	Pixel	video_data/SS/test_Pixel_0115_3450.jpeg	../dados_indoor_location/Pixel/Vision/1222850011619627_selecao_sexual.mp4
SS	test	118	Pixel	video_data/SS/test_Pixel_0118_3540.jpeg	../dados_indoor_location/Pixel/Vision/1222850011619627_selecao_sexual.mp4
TMA	test	2	Pixel	video_data/TMA/test_Pixel_0002_0061.jpeg	../dados_indoor_location/Pixel/Vision/1222985359098475_terra_mar_ar.mp4
TMA	test	6	Pixel	video_data/TMA/test_Pixel_0006_0181.jpeg	../dados_indoor_location/Pixel/Vision/1222985359098475_terra_mar_ar.mp4
TMA	test	10	Pixel	video_data/TMA/test_Pixel_0010_0301.jpeg	../dados_indoor_location/Pixel/Vision/1222985359098475_terra_mar_ar.mp4
TMA	test	19	Pixel	video_data/TMA/test_Pixel_0019_0571.jpeg	../dados_indoor_location/Pixel/Vision/1222985359098475_terra_mar_ar.mp4
TMA	test	20	Pixel	video_data/TMA/test_Pixel_0020_0601.jpeg	../dados_indoor_location/Pixel/Vision/1222985359098475_terra_mar_ar.mp4
TMA	test	27	Pixel	video_data/TMA/test_Pixel_0027_0811.jpeg	../dados_indoor_location/Pixel/Vision/1222985359098475_terra_mar_ar.mp4
TMA	test	34	Pixel	video_data/TMA/test_Pixel_0034_1021.jpeg	../dados_indoor_location/Pixel/Vision/1222985359098475_terra_mar_ar.mp4
TMA	test	36	Pixel	video_data/TMA/test_Pixel_0036_1081.jpeg	../dados_indoor_location/Pixel/Vision/1222985359098475_terra_mar_ar.mp4
TMA	test	40	Pixel	video_data/TMA/test_Pixel_0040_1201.jpeg	../dados_indoor_location/Pixel/Vision/1222985359098475_terra_mar_ar.mp4
TMA	test	48	Pixel	video_data/TMA/test_Pixel_0048_1441.jpeg	../dados_indoor_location/Pixel/Vision/1222985359098475_terra_mar_ar.mp4
TMA	test	49	Pixel	video_data/TMA/test_Pixel_0049_1471.jpeg	../dados_indoor_location/Pixel/Vision/1222985359098475_terra_mar_ar.mp4
TMA	test	52	Pixel	video_data/TMA/test_Pixel_0052_1561.jpeg	../dados_indoor_location/Pixel/Vision/1222985359098475_terra_mar_ar.mp4
TMA	test	57	Pixel	video_data/TMA/test_Pixel_0057_1711.jpeg	../dados_indoor_location/Pixel/Vision/1222985359098475_terra_mar_ar.mp4
TMA	test	59	Pixel	video_data/TMA/test_Pixel_0059_1771.jpeg	../dados_indoor_location/Pixel/Vision/1222985359098475_terra_mar_ar.mp4
TMA	test	67	Pixel	video_data/TMA/test_Pixel_0067_2011.jpeg	../dados_indoor_location/Pixel/Vision/1222985359098475_terra_mar_ar.mp4
TMA	test	80	Pixel	video_data/TMA/test_Pixel_0080_2402.jpeg	../dados_indoor_location/Pixel/Vision/1222985359098475_terra_mar_ar.mp4
TMA	test	83	Pixel	video_data/TMA/test_Pixel_0083_2492.jpeg	../dados_indoor_location/Pixel/Vision/1222985359098475_terra_mar_ar.mp4
TMA	test	92	Pixel	video_data/TMA/test_Pixel_0092_2762.jpeg	../dados_indoor_location/Pixel/Vision/1222985359098475_terra_mar_ar.mp4
TMA	test	94	Pixel	video_data/TMA/test_Pixel_0094_2822.jpeg	../dados_indoor_location/Pixel/Vision/1222985359098475_terra_mar_ar.mp4
TMA	test	100	Pixel	video_data/TMA/test_Pixel_0100_3002.jpeg	../dados_indoor_location/Pixel/Vision/1222985359098475_terra_mar_ar.mp4
TMA	test	101	Pixel	video_data/TMA/test_Pixel_0101_3032.jpeg	../dados_indoor_location/Pixel/Vision/1222985359098475_terra_mar_ar.mp4
TMA	test	106	Pixel	video_data/TMA/test_Pixel_0106_3182.jpeg	../dados_indoor_location/Pixel/Vision/1222985359098475_terra_mar_ar.mp4
TMA	test	112	Pixel	video_data/TMA/test_Pixel_0112_3362.jpeg	../dados_indoor_location/Pixel/Vision/1222985359098475_terra_mar_ar.mp4
DC	test	1	Pixel	video_data/DC/test_Pixel_0001_0031.jpeg	../dados_indoor_location/Pixel/Vision/1223123636103760_diversidade_de_cores.mp4
DC	test	2	Pixel	video_data/DC/test_Pixel_0002_0061.jpeg	../dados_indoor_location/Pixel/Vision/1223123636103760_diversidade_de_cores.mp4
DC	test	7	Pixel	video_data/DC/test_Pixel_0007_0211.jpeg	../dados_indoor_location/Pixel/Vision/1223123636103760_diversidade_de_cores.mp4
DC	test	9	Pixel	video_data/DC/test_Pixel_0009_0271.jpeg	../dados_indoor_location/Pixel/Vision/1223123636103760_diversidade_de_cores.mp4
DC	test	13	Pixel	video_data/DC/test_Pixel_0013_0391.jpeg	../dados_indoor_location/Pixel/Vision/1223123636103760_diversidade_de_cores.mp4
DC	test	15	Pixel	video_data/DC/test_Pixel_0015_0451.jpeg	../dados_indoor_location/Pixel/Vision/1223123636103760_diversidade_de_cores.mp4
DC	test	21	Pixel	video_data/DC/test_Pixel_0021_0631.jpeg	../dados_indoor_location/Pixel/Vision/1223123636103760_diversidade_de_cores.mp4
DC	test	28	Pixel	video_data/DC/test_Pixel_0028_0841.jpeg	../dados_indoor_location/Pixel/Vision/1223123636103760_diversidade_de_cores.mp4
DC	test	30	Pixel	video_data/DC/test_Pixel_0030_0901.jpeg	../dados_indoor_location/Pixel/Vision/1223123636103760_diversidade_de_cores.mp4
DC	test	32	Pixel	video_data/DC/test_Pixel_0032_0961.jpeg	../dados_indoor_location/Pixel/Vision/1223123636103760_diversidade_de_cores.mp4
DC	test	34	Pixel	video_data/DC/test_Pixel_0034_1021.jpeg	../dados_indoor_location/Pixel/Vision/1223123636103760_diversidade_de_cores.mp4
DC	test	40	Pixel	video_data/DC/test_Pixel_0040_1201.jpeg	../dados_indoor_location/Pixel/Vision/1223123636103760_diversidade_de_cores.mp4
DC	test	42	Pixel	video_data/DC/test_Pixel_0042_1261.jpeg	../dados_indoor_location/Pixel/Vision/1223123636103760_diversidade_de_cores.mp4
DC	test	47	Pixel	video_data/DC/test_Pixel_0047_1411.jpeg	../dados_indoor_location/Pixel/Vision/1223123636103760_diversidade_de_cores.mp4
DC	test	51	Pixel	video_data/DC/test_Pixel_0051_1531.jpeg	../dados_indoor_location/Pixel/Vision/1223123636103760_diversidade_de_cores.mp4
DC	test	52	Pixel	video_data/DC/test_Pixel_0052_1561.jpeg	../dados_indoor_location/Pixel/Vision/1223123636103760_diversidade_de_cores.mp4
DC	test	61	Pixel	video_data/DC/test_Pixel_0061_1831.jpeg	../dados_indoor_location/Pixel/Vision/1223123636103760_diversidade_de_cores.mp4
DC	test	66	Pixel	video_data/DC/test_Pixel_0066_1981.jpeg	../dados_indoor_location/Pixel/Vision/1223123636103760_diversidade_de_cores.mp4
DC	test	80	Pixel	video_data/DC/test_Pixel_0080_2402.jpeg	../dados_indoor_location/Pixel/Vision/1223123636103760_diversidade_de_cores.mp4
DC	test	81	Pixel	video_data/DC/test_Pixel_0081_2432.jpeg	../dados_indoor_location/Pixel/Vision/1223123636103760_diversidade_de_cores.mp4
DC	test	84	Pixel	video_data/DC/test_Pixel_0084_2522.jpeg	../dados_indoor_location/Pixel/Vision/1223123636103760_diversidade_de_cores.mp4
DC	test	90	Pixel	video_data/DC/test_Pixel_0090_2702.jpeg	../dados_indoor_location/Pixel/Vision/1223123636103760_diversidade_de_cores.mp4
DC	test	94	Pixel	video_data/DC/test_Pixel_0094_2822.jpeg	../dados_indoor_location/Pixel/Vision/1223123636103760_diversidade_de_cores.mp4
DC	test	97	Pixel	video_data/DC/test_Pixel_0097_2912.jpeg	../dados_indoor_location/Pixel/Vision/1223123636103760_diversidade_de_cores.mp4
DC	test	99	Pixel	video_data/DC/test_Pixel_0099_2972.jpeg	../dados_indoor_location/Pixel/Vision/1223123636103760_diversidade_de_cores.mp4
DC	test	102	Pixel	video_data/DC/test_Pixel_0102_3062.jpeg	../dados_indoor_location/Pixel/Vision/1223123636103760_diversidade_de_cores.mp4
DC	test	105	Pixel	video_data/DC/test_Pixel_0105_3152.jpeg	../dados_indoor_location/Pixel/Vision/1223123636103760_diversidade_de_cores.mp4
DC	test	110	Pixel	video_data/DC/test_Pixel_0110_3302.jpeg	../dados_indoor_location/Pixel/Vision/1223123636103760_diversidade_de_cores.mp4
DC	test	111	Pixel	video_data/DC/test_Pixel_0111_3332.jpeg	../dados_indoor_location/Pixel/Vision/1223123636103760_diversidade_de_cores.mp4
DC	test	122	Pixel	video_data/DC/test_Pixel_0122_3662.jpeg	../dados_indoor_location/Pixel/Vision/1223123636103760_diversidade_de_cores.mp4
DG	test	11	Pixel	video_data/DG/test_Pixel_0011_0331.jpeg	../dados_indoor_location/Pixel/Vision/1223265132794627_diversidade_genetica_incerteza.mp4
DG	test	13	Pixel	video_data/DG/test_Pixel_0013_0391.jpeg	../dados_indoor_location/Pixel/Vision/1223265132794627_diversidade_genetica_incerteza.mp4
DG	test	14	Pixel	video_data/DG/test_Pixel_0014_0421.jpeg	../dados_indoor_location/Pixel/Vision/1223265132794627_diversidade_genetica_incerteza.mp4
DG	test	16	Pixel	video_data/DG/test_Pixel_0016_0481.jpeg	../dados_indoor_location/Pixel/Vision/1223265132794627_diversidade_genetica_incerteza.mp4
DG	test	24	Pixel	video_data/DG/test_Pixel_0024_0721.jpeg	../dados_indoor_location/Pixel/Vision/1223265132794627_diversidade_genetica_incerteza.mp4
DG	test	28	Pixel	video_data/DG/test_Pixel_0028_0841.jpeg	../dados_indoor_location/Pixel/Vision/1223265132794627_diversidade_genetica_incerteza.mp4
DG	test	30	Pixel	video_data/DG/test_Pixel_0030_0901.jpeg	../dados_indoor_location/Pixel/Vision/1223265132794627_diversidade_genetica_incerteza.mp4
DG	test	35	Pixel	video_data/DG/test_Pixel_0035_1051.jpeg	../dados_indoor_location/Pixel/Vision/1223265132794627_diversidade_genetica_incerteza.mp4
DG	test	61	Pixel	video_data/DG/test_Pixel_0061_1831.jpeg	../dados_indoor_location/Pixel/Vision/1223265132794627_diversidade_genetica_incerteza.mp4
DG	test	69	Pixel	video_data/DG/test_Pixel_0069_2071.jpeg	../dados_indoor_location/Pixel/Vision/1223265132794627_diversidade_genetica_incerteza.mp4
DG	test	75	Pixel	video_data/DG/test_Pixel_0075_2251.jpeg	../dados_indoor_location/Pixel/Vision/1223265132794627_diversidade_genetica_incerteza.mp4
DG	test	80	Pixel	video_data/DG/test_Pixel_0080_2402.jpeg	../dados_indoor_location/Pixel/Vision/1223265132794627_diversidade_genetica_incerteza.mp4
DG	test	87	Pixel	video_data/DG/test_Pixel_0087_2612.jpeg	../dados_indoor_location/Pixel/Vision/1223265132794627_diversidade_genetica_incerteza.mp4
DG	test	88	Pixel	video_data/DG/test_Pixel_0088_2642.jpeg	../dados_indoor_location/Pixel/Vision/1223265132794627_diversidade_genetica_incerteza.mp4
DG	test	92	Pixel	video_data/DG/test_Pixel_0092_2762.jpeg	../dados_indoor_location/Pixel/Vision/1223265132794627_diversidade_genetica_incerteza.mp4
DG	test	102	Pixel	video_data/DG/test_Pixel_0102_3062.jpeg	../dados_indoor_location/Pixel/Vision/1223265132794627_diversidade_genetica_incerteza.mp4
DG	test	106	Pixel	video_data/DG/test_Pixel_0106_3182.jpeg	../dados_indoor_location/Pixel/Vision/1223265132794627_diversidade_genetica_incerteza.mp4
DG	test	107	Pixel	video_data/DG/test_Pixel_0107_3212.jpeg	../dados_indoor_location/Pixel/Vision/1223265132794627_diversidade_genetica_incerteza.mp4
DG	test	108	Pixel	video_data/DG/test_Pixel_0108_3242.jpeg	../dados_indoor_location/Pixel/Vision/1223265132794627_diversidade_genetica_incerteza.mp4
TS	test	1	Pixel	video_data/TS/test_Pixel_0001_0031.jpeg	../dados_indoor_location/Pixel/Vision/1223406240293683_teatro_dos_sentidos.mp4
TS	test	2	Pixel	video_data/TS/test_Pixel_0002_0061.jpeg	../dados_indoor_location/Pixel/Vision/1223406240293683_teatro_dos_sentidos.mp4
TS	test	5	Pixel	video_data/TS/test_Pixel_0005_0151.jpeg	../dados_indoor_location/Pixel/Vision/1223406240293683_teatro_dos_sentidos.mp4
TS	test	8	Pixel	video_data/TS/test_Pixel_0008_0241.jpeg	../dados_indoor_location/Pixel/Vision/1223406240293683_teatro_dos_sentidos.mp4
TS	test	12	Pixel	video_data/TS/test_Pixel_0012_0361.jpeg	../dados_indoor_location/Pixel/Vision/1223406240293683_teatro_dos_sentidos.mp4
TS	test	13	Pixel	video_data/TS/test_Pixel_0013_0391.jpeg	../dados_indoor_location/Pixel/Vision/1223406240293683_teatro_dos_sentidos.mp4
TS	test	15	Pixel	video_data/TS/test_Pixel_0015_0451.jpeg	../dados_indoor_location/Pixel/Vision/1223406240293683_teatro_dos_sentidos.mp4
TS	test	17	Pixel	video_data/TS/test_Pixel_0017_0511.jpeg	../dados_indoor_location/Pixel/Vision/1223406240293683_teatro_dos_sentidos.mp4
TS	test	32	Pixel	video_data/TS/test_Pixel_0032_0961.jpeg	../dados_indoor_location/Pixel/Vision/1223406240293683_teatro_dos_sentidos.mp4
TS	test	34	Pixel	video_data/TS/test_Pixel_0034_1021.jpeg	../dados_indoor_location/Pixel/Vision/1223406240293683_teatro_dos_sentidos.mp4
TS	test	40	Pixel	video_data/TS/test_Pixel_0040_1201.jpeg	../dados_indoor_location/Pixel/Vision/1223406240293683_teatro_dos_sentidos.mp4
TS	test	61	Pixel	video_data/TS/test_Pixel_0061_1831.jpeg	../dados_indoor_location/Pixel/Vision/1223406240293683_teatro_dos_sentidos.mp4
TS	test	62	Pixel	video_data/TS/test_Pixel_0062_1861.jpeg	../dados_indoor_location/Pixel/Vision/1223406240293683_teatro_dos_sentidos.mp4
TS	test	66	Pixel	video_data/TS/test_Pixel_0066_1981.jpeg	../dados_indoor_location/Pixel/Vision/1223406240293683_teatro_dos_sentidos.mp4
TS	test	67	Pixel	video_data/TS/test_Pixel_0067_2011.jpeg	../dados_indoor_location/Pixel/Vision/1223406240293683_teatro_dos_sentidos.mp4
TS	test	71	Pixel	video_data/TS/test_Pixel_0071_2131.jpeg	../dados_indoor_location/Pixel/Vision/1223406240293683_teatro_dos_sentidos.mp4
TS	test	73	Pixel	video_data/TS/test_Pixel_0073_2191.jpeg	../dados_indoor_location/Pixel/Vision/1223406240293683_teatro_dos_sentidos.mp4
TS	test	80	Pixel	video_data/TS/test_Pixel_0080_2402.jpeg	../dados_indoor_location/Pixel/Vision/1223406240293683_teatro_dos_sentidos.mp4
TS	test	81	Pixel	video_data/TS/test_Pixel_0081_2432.jpeg	../dados_indoor_location/Pixel/Vision/1223406240293683_teatro_dos_sentidos.mp4
TS	test	87	Pixel	video_data/TS/test_Pixel_0087_2612.jpeg	../dados_indoor_location/Pixel/Vision/1223406240293683_teatro_dos_sentidos.mp4
TS	test	91	Pixel	video_data/TS/test_Pixel_0091_2732.jpeg	../dados_indoor_location/Pixel/Vision/1223406240293683_teatro_dos_sentidos.mp4
TS	test	94	Pixel	video_data/TS/test_Pixel_0094_2822.jpeg	../dados_indoor_location/Pixel/Vision/1223406240293683_teatro_dos_sentidos.mp4
TS	test	97	Pixel	video_data/TS/test_Pixel_0097_2912.jpeg	../dados_indoor_location/Pixel/Vision/1223406240293683_teatro_dos_sentidos.mp4
TS	test	104	Pixel	video_data/TS/test_Pixel_0104_3122.jpeg	../dados_indoor_location/Pixel/Vision/1223406240293683_teatro_dos_sentidos.mp4
TS	test	106	Pixel	video_data/TS/test_Pixel_0106_3182.jpeg	../dados_indoor_location/Pixel/Vision/1223406240293683_teatro_dos_sentidos.mp4
TS	test	113	Pixel	video_data/TS/test_Pixel_0113_3392.jpeg	../dados_indoor_location/Pixel/Vision/1223406240293683_teatro_dos_sentidos.mp4
TS	test	114	Pixel	video_data/TS/test_Pixel_0114_3422.jpeg	../dados_indoor_location/Pixel/Vision/1223406240293683_teatro_dos_sentidos.mp4
TS	test	119	Pixel	video_data/TS/test_Pixel_0119_3572.jpeg	../dados_indoor_location/Pixel/Vision/1223406240293683_teatro_dos_sentidos.mp4
AH	test	8	Pixel	video_data/AH/test_Pixel_0008_0241.jpeg	../dados_indoor_location/Pixel/Vision/1223564953187932_analogia_homologia.mp4
AH	test	12	Pixel	video_data/AH/test_Pixel_0012_0361.jpeg	../dados_indoor_location/Pixel/Vision/1223564953187932_analogia_homologia.mp4
AH	test	17	Pixel	video_data/AH/test_Pixel_0017_0511.jpeg	../dados_indoor_location/Pixel/Vision/1223564953187932_analogia_homologia.mp4
AH	test	19	Pixel	video_data/AH/test_Pixel_0019_0571.jpeg	../dados_indoor_location/Pixel/Vision/1223564953187932_analogia_homologia.mp4
AH	test	23	Pixel	video_data/AH/test_Pixel_0023_0691.jpeg	../dados_indoor_location/Pixel/Vision/1223564953187932_analogia_homologia.mp4
AH	test	26	Pixel	video_data/AH/test_Pixel_0026_0781.jpeg	../dados_indoor_location/Pixel/Vision/1223564953187932_analogia_homologia.mp4
AH	test	29	Pixel	video_data/AH/test_Pixel_0029_0871.jpeg	../dados_indoor_location/Pixel/Vision/1223564953187932_analogia_homologia.mp4
AH	test	31	Pixel	video_data/AH/test_Pixel_0031_0931.jpeg	../dados_indoor_location/Pixel/Vision/1223564953187932_analogia_homologia.mp4
AH	test	33	Pixel	video_data/AH/test_Pixel_0033_0991.jpeg	../dados_indoor_location/Pixel/Vision/1223564953187932_analogia_homologia.mp4
AH	test	43	Pixel	video_data/AH/test_Pixel_0043_1291.jpeg	../dados_indoor_location/Pixel/Vision/1223564953187932_analogia_homologia.mp4
AH	test	45	Pixel	video_data/AH/test_Pixel_0045_1351.jpeg	../dados_indoor_location/Pixel/Vision/1223564953187932_analogia_homologia.mp4
AH	test	47	Pixel	video_data/AH/test_Pixel_0047_1411.jpeg	../dados_indoor_location/Pixel/Vision/1223564953187932_analogia_homologia.mp4
AH	test	51	Pixel	video_data/AH/test_Pixel_0051_1531.jpeg	../dados_indoor_location/Pixel/Vision/1223564953187932_analogia_homologia.mp4
AH	test	61	Pixel	video_data/AH/test_Pixel_0061_1831.jpeg	../dados_indoor_location/Pixel/Vision/1223564953187932_analogia_homologia.mp4
AH	test	65	Pixel	video_data/AH/test_Pixel_0065_1951.jpeg	../dados_indoor_location/Pixel/Vision/1223564953187932_analogia_homologia.mp4
AH	test	68	Pixel	video_data/AH/test_Pixel_0068_2041.jpeg	../dados_indoor_location/Pixel/Vision/1223564953187932_analogia_homologia.mp4
AH	test	69	Pixel	video_data/AH/test_Pixel_0069_2071.jpeg	../dados_indoor_location/Pixel/Vision/1223564953187932_analogia_homologia.mp4
AH	test	70	Pixel	video_data/AH/test_Pixel_0070_2101.jpeg	../dados_indoor_location/Pixel/Vision/1223564953187932_analogia_homologia.mp4
AH	test	79	Pixel	video_data/AH/test_Pixel_0079_2371.jpeg	../dados_indoor_location/Pixel/Vision/1223564953187932_analogia_homologia.mp4
AH	test	80	Pixel	video_data/AH/test_Pixel_0080_2402.jpeg	../dados_indoor_location/Pixel/Vision/1223564953187932_analogia_homologia.mp4
AH	test	84	Pixel	video_data/AH/test_Pixel_0084_2522.jpeg	../dados_indoor_location/Pixel/Vision/1223564953187932_analogia_homologia.mp4
AH	test	93	Pixel	video_data/AH/test_Pixel_0093_2792.jpeg	../dados_indoor_location/Pixel/Vision/1223564953187932_analogia_homologia.mp4
AH	test	95	Pixel	video_data/AH/test_Pixel_0095_2852.jpeg	../dados_indoor_location/Pixel/Vision/1223564953187932_analogia_homologia.mp4
AH	test	96	Pixel	video_data/AH/test_Pixel_0096_2882.jpeg	../dados_indoor_location/Pixel/Vision/1223564953187932_analogia_homologia.mp4
AH	test	99	Pixel	video_data/AH/test_Pixel_0099_2972.jpeg	../dados_indoor_location/Pixel/Vision/1223564953187932_analogia_homologia.mp4
AH	test	100	Pixel	video_data/AH/test_Pixel_0100_3002.jpeg	../dados_indoor_location/Pixel/Vision/1223564953187932_analogia_homologia.mp4
AH	test	106	Pixel	video_data/AH/test_Pixel_0106_3182.jpeg	../dados_indoor_location/Pixel/Vision/1223564953187932_analogia_homologia.mp4
AH	test	109	Pixel	video_data/AH/test_Pixel_0109_3272.jpeg	../dados_indoor_location/Pixel/Vision/1223564953187932_analogia_homologia.mp4
AH	test	111	Pixel	video_data/AH/test_Pixel_0111_3332.jpeg	../dados_indoor_location/Pixel/Vision/1223564953187932_analogia_homologia.mp4
AH	test	120	Pixel	video_data/AH/test_Pixel_0120_3602.jpeg	../dados_indoor_location/Pixel/Vision/1223564953187932_analogia_homologia.mp4
SA	test	8	Pixel	video_data/SA/test_Pixel_0008_0241.jpeg	../dados_indoor_location/Pixel/Vision/1223693227408262_selecao_artificial.mp4
SA	test	9	Pixel	video_data/SA/test_Pixel_0009_0271.jpeg	../dados_indoor_location/Pixel/Vision/1223693227408262_selecao_artificial.mp4
SA	test	12	Pixel	video_data/SA/test_Pixel_0012_0361.jpeg	../dados_indoor_location/Pixel/Vision/1223693227408262_selecao_artificial.mp4
SA	test	15	Pixel	video_data/SA/test_Pixel_0015_0451.jpeg	../dados_indoor_location/Pixel/Vision/1223693227408262_selecao_artificial.mp4
SA	test	17	Pixel	video_data/SA/test_Pixel_0017_0511.jpeg	../dados_indoor_location/Pixel/Vision/1223693227408262_selecao_artificial.mp4
SA	test	28	Pixel	video_data/SA/test_Pixel_0028_0841.jpeg	../dados_indoor_location/Pixel/Vision/1223693227408262_selecao_artificial.mp4
SA	test	34	Pixel	video_data/SA/test_Pixel_0034_1021.jpeg	../dados_indoor_location/Pixel/Vision/1223693227408262_selecao_artificial.mp4
SA	test	39	Pixel	video_data/SA/test_Pixel_0039_1171.jpeg	../dados_indoor_location/Pixel/Vision/1223693227408262_selecao_artificial.mp4
SA	test	41	Pixel	video_data/SA/test_Pixel_0041_1231.jpeg	../dados_indoor_location/Pixel/Vision/1223693227408262_selecao_artificial.mp4
SA	test	43	Pixel	video_data/SA/test_Pixel_0043_1291.jpeg	../dados_indoor_location/Pixel/Vision/1223693227408262_selecao_artificial.mp4
SA	test	52	Pixel	video_data/SA/test_Pixel_0052_1561.jpeg	../dados_indoor_location/Pixel/Vision/1223693227408262_selecao_artificial.mp4
SA	test	75	Pixel	video_data/SA/test_Pixel_0075_2251.jpeg	../dados_indoor_location/Pixel/Vision/1223693227408262_selecao_artificial.mp4
SA	test	78	Pixel	video_data/SA/test_Pixel_0078_2342.jpeg	../dados_indoor_location/Pixel/Vision/1223693227408262_selecao_artificial.mp4
SA	test	85	Pixel	video_data/SA/test_Pixel_0085_2552.jpeg	../dados_indoor_location/Pixel/Vision/1223693227408262_selecao_artificial.mp4
SA	test	86	Pixel	video_data/SA/test_Pixel_0086_2582.jpeg	../dados_indoor_location/Pixel/Vision/1223693227408262_selecao_artificial.mp4
SA	test	87	Pixel	video_data/SA/test_Pixel_0087_2612.jpeg	../dados_indoor_location/Pixel/Vision/1223693227408262_selecao_artificial.mp4
SA	test	104	Pixel	video_data/SA/test_Pixel_0104_3122.jpeg	../dados_indoor_location/Pixel/Vision/1223693227408262_selecao_artificial.mp4
SA	test	105	Pixel	video_data/SA/test_Pixel_0105_3152.jpeg	../dados_indoor_location/Pixel/Vision/1223693227408262_selecao_artificial.mp4
SA	test	107	Pixel	video_data/SA/test_Pixel_0107_3212.jpeg	../dados_indoor_location/Pixel/Vision/1223693227408262_selecao_artificial.mp4
SA	test	114	Pixel	video_data/SA/test_Pixel_0114_3422.jpeg	../dados_indoor_location/Pixel/Vision/1223693227408262_selecao_artificial.mp4
SA	test	127	Pixel	video_data/SA/test_Pixel_0127_3812.jpeg	../dados_indoor_location/Pixel/Vision/1223693227408262_selecao_artificial.mp4
DF	test	2	Pixel	video_data/DF/test_Pixel_0002_0061.jpeg	../dados_indoor_location/Pixel/Vision/1223832739980025_diversidade_de_formas.mp4
DF	test	3	Pixel	video_data/DF/test_Pixel_0003_0091.jpeg	../dados_indoor_location/Pixel/Vision/1223832739980025_diversidade_de_formas.mp4
DF	test	7	Pixel	video_data/DF/test_Pixel_0007_0211.jpeg	../dados_indoor_location/Pixel/Vision/1223832739980025_diversidade_de_formas.mp4
DF	test	13	Pixel	video_data/DF/test_Pixel_0013_0391.jpeg	../dados_indoor_location/Pixel/Vision/1223832739980025_diversidade_de_formas.mp4
DF	test	14	Pixel	video_data/DF/test_Pixel_0014_0421.jpeg	../dados_indoor_location/Pixel/Vision/1223832739980025_diversidade_de_formas.mp4
DF	test	16	Pixel	video_data/DF/test_Pixel_0016_0481.jpeg	../dados_indoor_location/Pixel/Vision/1223832739980025_diversidade_de_formas.mp4
DF	test	19	Pixel	video_data/DF/test_Pixel_0019_0571.jpeg	../dados_indoor_location/Pixel/Vision/1223832739980025_diversidade_de_formas.mp4
DF	test	24	Pixel	video_data/DF/test_Pixel_0024_0721.jpeg	../dados_indoor_location/Pixel/Vision/1223832739980025_diversidade_de_formas.mp4
DF	test	29	Pixel	video_data/DF/test_Pixel_0029_0871.jpeg	../dados_indoor_location/Pixel/Vision/1223832739980025_diversidade_de_formas.mp4
DF	test	31	Pixel	video_data/DF/test_Pixel_0031_0931.jpeg	../dados_indoor_location/Pixel/Vision/1223832739980025_diversidade_de_formas.mp4
DF	test	34	Pixel	video_data/DF/test_Pixel_0034_1021.jpeg	../dados_indoor_location/Pixel/Vision/1223832739980025_diversidade_de_formas.mp4
DF	test	35	Pixel	video_data/DF/test_Pixel_0035_1051.jpeg	../dados_indoor_location/Pixel/Vision/1223832739980025_diversidade_de_formas.mp4
DF	test	37	Pixel	video_data/DF/test_Pixel_0037_1111.jpeg	../dados_indoor_location/Pixel/Vision/1223832739980025_diversidade_de_formas.mp4
DF	test	38	Pixel	video_data/DF/test_Pixel_0038_1141.jpeg	../dados_indoor_location/Pixel/Vision/1223832739980025_diversidade_de_formas.mp4
DF	test	40	Pixel	video_data/DF/test_Pixel_0040_1201.jpeg	../dados_indoor_location/Pixel/Vision/1223832739980025_diversidade_de_formas.mp4
DF	test	47	Pixel	video_data/DF/test_Pixel_0047_1411.jpeg	../dados_indoor_location/Pixel/Vision/1223832739980025_diversidade_de_formas.mp4
DF	test	51	Pixel	video_data/DF/test_Pixel_0051_1531.jpeg	../dados_indoor_location/Pixel/Vision/1223832739980025_diversidade_de_formas.mp4
DF	test	54	Pixel	video_data/DF/test_Pixel_0054_1621.jpeg	../dados_indoor_location/Pixel/Vision/1223832739980025_diversidade_de_formas.mp4
DF	test	56	Pixel	video_data/DF/test_Pixel_0056_1681.jpeg	../dados_indoor_location/Pixel/Vision/1223832739980025_diversidade_de_formas.mp4
DF	test	58	Pixel	video_data/DF/test_Pixel_0058_1741.jpeg	../dados_indoor_location/Pixel/Vision/1223832739980025_diversidade_de_formas.mp4
DF	test	59	Pixel	video_data/DF/test_Pixel_0059_1771.jpeg	../dados_indoor_location/Pixel/Vision/1223832739980025_diversidade_de_formas.mp4
DF	test	63	Pixel	video_data/DF/test_Pixel_0063_1891.jpeg	../dados_indoor_location/Pixel/Vision/1223832739980025_diversidade_de_formas.mp4
DF	test	71	Pixel	video_data/DF/test_Pixel_0071_2131.jpeg	../dados_indoor_location/Pixel/Vision/1223832739980025_diversidade_de_formas.mp4
DF	test	78	Pixel	video_data/DF/test_Pixel_0078_2341.jpeg	../dados_indoor_location/Pixel/Vision/1223832739980025_diversidade_de_formas.mp4
DF	test	90	Pixel	video_data/DF/test_Pixel_0090_2702.jpeg	../dados_indoor_location/Pixel/Vision/1223832739980025_diversidade_de_formas.mp4
DF	test	91	Pixel	video_data/DF/test_Pixel_0091_2732.jpeg	../dados_indoor_location/Pixel/Vision/1223832739980025_diversidade_de_formas.mp4
DF	test	92	Pixel	video_data/DF/test_Pixel_0092_2762.jpeg	../dados_indoor_location/Pixel/Vision/1223832739980025_diversidade_de_formas.mp4
DF	test	96	Pixel	video_data/DF/test_Pixel_0096_2882.jpeg	../dados_indoor_location/Pixel/Vision/1223832739980025_diversidade_de_formas.mp4
DF	test	100	Pixel	video_data/DF/test_Pixel_0100_3002.jpeg	../dados_indoor_location/Pixel/Vision/1223832739980025_diversidade_de_formas.mp4
DF	test	104	Pixel	video_data/DF/test_Pixel_0104_3122.jpeg	../dados_indoor_location/Pixel/Vision/1223832739980025_diversidade_de_formas.mp4
DF	test	106	Pixel	video_data/DF/test_Pixel_0106_3182.jpeg	../dados_indoor_location/Pixel/Vision/1223832739980025_diversidade_de_formas.mp4
DF	test	111	Pixel	video_data/DF/test_Pixel_0111_3332.jpeg	../dados_indoor_location/Pixel/Vision/1223832739980025_diversidade_de_formas.mp4
DF	test	114	Pixel	video_data/DF/test_Pixel_0114_3422.jpeg	../dados_indoor_location/Pixel/Vision/1223832739980025_diversidade_de_formas.mp4
DF	test	124	Pixel	video_data/DF/test_Pixel_0124_3722.jpeg	../dados_indoor_location/Pixel/Vision/1223832739980025_diversidade_de_formas.mp4
DF	test	126	Pixel	video_data/DF/test_Pixel_0126_3782.jpeg	../dados_indoor_location/Pixel/Vision/1223832739980025_diversidade_de_formas.mp4
DF	test	127	Pixel	video_data/DF/test_Pixel_0127_3812.jpeg	../dados_indoor_location/Pixel/Vision/1223832739980025_diversidade_de_formas.mp4
CN	test	6	Pixel	video_data/CN/test_Pixel_0006_0181.jpeg	../dados_indoor_location/Pixel/Vision/1223978156194824_comer_e_nao_ser_comido.mp4
CN	test	28	Pixel	video_data/CN/test_Pixel_0028_0841.jpeg	../dados_indoor_location/Pixel/Vision/1223978156194824_comer_e_nao_ser_comido.mp4
CN	test	41	Pixel	video_data/CN/test_Pixel_0041_1231.jpeg	../dados_indoor_location/Pixel/Vision/1223978156194824_comer_e_nao_ser_comido.mp4
CN	test	49	Pixel	video_data/CN/test_Pixel_0049_1471.jpeg	../dados_indoor_location/Pixel/Vision/1223978156194824_comer_e_nao_ser_comido.mp4
CN	test	52	Pixel	video_data/CN/test_Pixel_0052_1561.jpeg	../dados_indoor_location/Pixel/Vision/1223978156194824_comer_e_nao_ser_comido.mp4
CN	test	56	Pixel	video_data/CN/test_Pixel_0056_1681.jpeg	../dados_indoor_location/Pixel/Vision/1223978156194824_comer_e_nao_ser_comido.mp4
CN	test	61	Pixel	video_data/CN/test_Pixel_0061_1831.jpeg	../dados_indoor_location/Pixel/Vision/1223978156194824_comer_e_nao_ser_comido.mp4
CN	test	68	Pixel	video_data/CN/test_Pixel_0068_2041.jpeg	../dados_indoor_location/Pixel/Vision/1223978156194824_comer_e_nao_ser_comido.mp4
CN	test	72	Pixel	video_data/CN/test_Pixel_0072_2161.jpeg	../dados_indoor_location/Pixel/Vision/1223978156194824_comer_e_nao_ser_comido.mp4
CN	test	75	Pixel	video_data/CN/test_Pixel_0075_2251.jpeg	../dados_indoor_location/Pixel/Vision/1223978156194824_comer_e_nao_ser_comido.mp4
CN	test	76	Pixel	video_data/CN/test_Pixel_0076_2281.jpeg	../dados_indoor_location/Pixel/Vision/1223978156194824_comer_e_nao_ser_comido.mp4
CN	test	88	Pixel	video_data/CN/test_Pixel_0088_2641.jpeg	../dados_indoor_location/Pixel/Vision/1223978156194824_comer_e_nao_ser_comido.mp4
CN	test	96	Pixel	video_data/CN/test_Pixel_0096_2881.jpeg	../dados_indoor_location/Pixel/Vision/1223978156194824_comer_e_nao_ser_comido.mp4
CN	test	99	Pixel	video_data/CN/test_Pixel_0099_2971.jpeg	../dados_indoor_location/Pixel/Vision/1223978156194824_comer_e_nao_ser_comido.mp4
CN	test	114	Pixel	video_data/CN/test_Pixel_0114_3421.jpeg	../dados_indoor_location/Pixel/Vision/1223978156194824_comer_e_nao_ser_comido.mp4
CN	test	118	Pixel	video_data/CN/test_Pixel_0118_3541.jpeg	../dados_indoor_location/Pixel/Vision/1223978156194824_comer_e_nao_ser_comido.mp4
SN	test	7	Pixel	video_data/SN/test_Pixel_0007_0211.jpeg	../dados_indoor_location/Pixel/Vision/1224150232810716_selecao_natural.mp4
SN	test	17	Pixel	video_data/SN/test_Pixel_0017_0511.jpeg	../dados_indoor_location/Pixel/Vision/1224150232810716_selecao_natural.mp4
SN	test	41	Pixel	video_data/SN/test_Pixel_0041_1231.jpeg	../dados_indoor_location/Pixel/Vision/1224150232810716_selecao_natural.mp4
SN	test	54	Pixel	video_data/SN/test_Pixel_0054_1621.jpeg	../dados_indoor_location/Pixel/Vision/1224150232810716_selecao_natural.mp4
SN	test	59	Pixel	video_data/SN/test_Pixel_0059_1771.jpeg	../dados_indoor_location/Pixel/Vision/1224150232810716_selecao_natural.mp4
SN	test	63	Pixel	video_data/SN/test_Pixel_0063_1891.jpeg	../dados_indoor_location/Pixel/Vision/1224150232810716_selecao_natural.mp4
SN	test	65	Pixel	video_data/SN/test_Pixel_0065_1951.jpeg	../dados_indoor_location/Pixel/Vision/1224150232810716_selecao_natural.mp4
SN	test	66	Pixel	video_data/SN/test_Pixel_0066_1981.jpeg	../dados_indoor_location/Pixel/Vision/1224150232810716_selecao_natural.mp4
SN	test	70	Pixel	video_data/SN/test_Pixel_0070_2102.jpeg	../dados_indoor_location/Pixel/Vision/1224150232810716_selecao_natural.mp4
SN	test	73	Pixel	video_data/SN/test_Pixel_0073_2192.jpeg	../dados_indoor_location/Pixel/Vision/1224150232810716_selecao_natural.mp4
SN	test	80	Pixel	video_data/SN/test_Pixel_0080_2402.jpeg	../dados_indoor_location/Pixel/Vision/1224150232810716_selecao_natural.mp4
SN	test	81	Pixel	video_data/SN/test_Pixel_0081_2432.jpeg	../dados_indoor_location/Pixel/Vision/1224150232810716_selecao_natural.mp4
SN	test	82	Pixel	video_data/SN/test_Pixel_0082_2462.jpeg	../dados_indoor_location/Pixel/Vision/1224150232810716_selecao_natural.mp4
SN	test	83	Pixel	video_data/SN/test_Pixel_0083_2492.jpeg	../dados_indoor_location/Pixel/Vision/1224150232810716_selecao_natural.mp4
SN	test	98	Pixel	video_data/SN/test_Pixel_0098_2942.jpeg	../dados_indoor_location/Pixel/Vision/1224150232810716_selecao_natural.mp4
SN	test	104	Pixel	video_data/SN/test_Pixel_0104_3122.jpeg	../dados_indoor_location/Pixel/Vision/1224150232810716_selecao_natural.mp4
SN	test	105	Pixel	video_data/SN/test_Pixel_0105_3152.jpeg	../dados_indoor_location/Pixel/Vision/1224150232810716_selecao_natural.mp4
SN	test	112	Pixel	video_data/SN/test_Pixel_0112_3362.jpeg	../dados_indoor_location/Pixel/Vision/1224150232810716_selecao_natural.mp4
SN	test	113	Pixel	video_data/SN/test_Pixel_0113_3392.jpeg	../dados_indoor_location/Pixel/Vision/1224150232810716_selecao_natural.mp4
SN	test	119	Pixel	video_data/SN/test_Pixel_0119_3572.jpeg	../dados_indoor_location/Pixel/Vision/1224150232810716_selecao_natural.mp4
ES	test	7	Pixel	video_data/ES/test_Pixel_0007_0211.jpeg	../dados_indoor_location/Pixel/Vision/1224287455677354_especiacao.mp4
ES	test	8	Pixel	video_data/ES/test_Pixel_0008_0241.jpeg	../dados_indoor_location/Pixel/Vision/1224287455677354_especiacao.mp4
ES	test	15	Pixel	video_data/ES/test_Pixel_0015_0451.jpeg	../dados_indoor_location/Pixel/Vision/1224287455677354_especiacao.mp4
ES	test	28	Pixel	video_data/ES/test_Pixel_0028_0841.jpeg	../dados_indoor_location/Pixel/Vision/1224287455677354_especiacao.mp4
ES	test	39	Pixel	video_data/ES/test_Pixel_0039_1171.jpeg	../dados_indoor_location/Pixel/Vision/1224287455677354_especiacao.mp4
ES	test	43	Pixel	video_data/ES/test_Pixel_0043_1291.jpeg	../dados_indoor_location/Pixel/Vision/1224287455677354_especiacao.mp4
ES	test	44	Pixel	video_data/ES/test_Pixel_0044_1321.jpeg	../dados_indoor_location/Pixel/Vision/1224287455677354_especiacao.mp4
ES	test	45	Pixel	video_data/ES/test_Pixel_0045_1351.jpeg	../dados_indoor_location/Pixel/Vision/1224287455677354_especiacao.mp4
ES	test	49	Pixel	video_data/ES/test_Pixel_0049_1471.jpeg	../dados_indoor_location/Pixel/Vision/1224287455677354_especiacao.mp4
ES	test	55	Pixel	video_data/ES/test_Pixel_0055_1651.jpeg	../dados_indoor_location/Pixel/Vision/1224287455677354_especiacao.mp4
ES	test	58	Pixel	video_data/ES/test_Pixel_0058_1741.jpeg	../dados_indoor_location/Pixel/Vision/1224287455677354_especiacao.mp4
ES	test	71	Pixel	video_data/ES/test_Pixel_0071_2131.jpeg	../dados_indoor_location/Pixel/Vision/1224287455677354_especiacao.mp4
ES	test	84	Pixel	video_data/ES/test_Pixel_0084_2522.jpeg	../dados_indoor_location/Pixel/Vision/1224287455677354_especiacao.mp4
ES	test	85	Pixel	video_data/ES/test_Pixel_0085_2552.jpeg	../dados_indoor_location/Pixel/Vision/1224287455677354_especiacao.mp4
ES	test	86	Pixel	video_data/ES/test_Pixel_0086_2582.jpeg	../dados_indoor_location/Pixel/Vision/1224287455677354_especiacao.mp4
ES	test	87	Pixel	video_data/ES/test_Pixel_0087_2612.jpeg	../dados_indoor_location/Pixel/Vision/1224287455677354_especiacao.mp4
ES	test	95	Pixel	video_data/ES/test_Pixel_0095_2852.jpeg	../dados_indoor_location/Pixel/Vision/1224287455677354_especiacao.mp4
ES	test	100	Pixel	video_data/ES/test_Pixel_0100_3002.jpeg	../dados_indoor_location/Pixel/Vision/1224287455677354_especiacao.mp4
ES	test	102	Pixel	video_data/ES/test_Pixel_0102_3062.jpeg	../dados_indoor_location/Pixel/Vision/1224287455677354_especiacao.mp4
ES	test	103	Pixel	video_data/ES/test_Pixel_0103_3092.jpeg	../dados_indoor_location/Pixel/Vision/1224287455677354_especiacao.mp4
ES	test	111	Pixel	video_data/ES/test_Pixel_0111_3332.jpeg	../dados_indoor_location/Pixel/Vision/1224287455677354_especiacao.mp4
ES	test	115	Pixel	video_data/ES/test_Pixel_0115_3452.jpeg	../dados_indoor_location/Pixel/Vision/1224287455677354_especiacao.mp4
ES	test	122	Pixel	video_data/ES/test_Pixel_0122_3662.jpeg	../dados_indoor_location/Pixel/Vision/1224287455677354_especiacao.mp4
AT_M	test	0	Pixel	video_data/AT_M/test_Pixel_0000_0000.jpeg	../dados_indoor_location/Pixel/Vision/84821111871196_atrio_medicamentos_principio_cientifico.mp4
AT_M	test	1	Pixel	video_data/AT_M/test_Pixel_0001_0031.jpeg	../dados_indoor_location/Pixel/Vision/84821111871196_atrio_medicamentos_principio_cientifico.mp4
AT_M	test	7	Pixel	video_data/AT_M/test_Pixel_0007_0211.jpeg	../dados_indoor_location/Pixel/Vision/84821111871196_atrio_medicamentos_principio_cientifico.mp4
AT_M	test	16	Pixel	video_data/AT_M/test_Pixel_0016_0481.jpeg	../dados_indoor_location/Pixel/Vision/84821111871196_atrio_medicamentos_principio_cientifico.mp4
AT_M	test	21	Pixel	video_data/AT_M/test_Pixel_0021_0631.jpeg	../dados_indoor_location/Pixel/Vision/84821111871196_atrio_medicamentos_principio_cientifico.mp4
AT_M	test	30	Pixel	video_data/AT_M/test_Pixel_0030_0901.jpeg	../dados_indoor_location/Pixel/Vision/84821111871196_atrio_medicamentos_principio_cientifico.mp4
AT_M	test	34	Pixel	video_data/AT_M/test_Pixel_0034_1021.jpeg	../dados_indoor_location/Pixel/Vision/84821111871196_atrio_medicamentos_principio_cientifico.mp4
AT_M	test	36	Pixel	video_data/AT_M/test_Pixel_0036_1081.jpeg	../dados_indoor_location/Pixel/Vision/84821111871196_atrio_medicamentos_principio_cientifico.mp4
AT_M	test	40	Pixel	video_data/AT_M/test_Pixel_0040_1201.jpeg	../dados_indoor_location/Pixel/Vision/84821111871196_atrio_medicamentos_principio_cientifico.mp4
AT_M	test	42	Pixel	video_data/AT_M/test_Pixel_0042_1261.jpeg	../dados_indoor_location/Pixel/Vision/84821111871196_atrio_medicamentos_principio_cientifico.mp4
AT_M	test	45	Pixel	video_data/AT_M/test_Pixel_0045_1351.jpeg	../dados_indoor_location/Pixel/Vision/84821111871196_atrio_medicamentos_principio_cientifico.mp4
AT_M	test	46	Pixel	video_data/AT_M/test_Pixel_0046_1381.jpeg	../dados_indoor_location/Pixel/Vision/84821111871196_atrio_medicamentos_principio_cientifico.mp4
AT_M	test	47	Pixel	video_data/AT_M/test_Pixel_0047_1411.jpeg	../dados_indoor_location/Pixel/Vision/84821111871196_atrio_medicamentos_principio_cientifico.mp4
AT_M	test	53	Pixel	video_data/AT_M/test_Pixel_0053_1591.jpeg	../dados_indoor_location/Pixel/Vision/84821111871196_atrio_medicamentos_principio_cientifico.mp4
AT_M	test	55	Pixel	video_data/AT_M/test_Pixel_0055_1651.jpeg	../dados_indoor_location/Pixel/Vision/84821111871196_atrio_medicamentos_principio_cientifico.mp4
AT_M	test	59	Pixel	video_data/AT_M/test_Pixel_0059_1771.jpeg	../dados_indoor_location/Pixel/Vision/84821111871196_atrio_medicamentos_principio_cientifico.mp4
AT_M	test	64	Pixel	video_data/AT_M/test_Pixel_0064_1921.jpeg	../dados_indoor_location/Pixel/Vision/84821111871196_atrio_medicamentos_principio_cientifico.mp4
AT_M	test	69	Pixel	video_data/AT_M/test_Pixel_0069_2071.jpeg	../dados_indoor_location/Pixel/Vision/84821111871196_atrio_medicamentos_principio_cientifico.mp4
AT_M	test	76	Pixel	video_data/AT_M/test_Pixel_0076_2281.jpeg	../dados_indoor_location/Pixel/Vision/84821111871196_atrio_medicamentos_principio_cientifico.mp4
AT_M	test	81	Pixel	video_data/AT_M/test_Pixel_0081_2431.jpeg	../dados_indoor_location/Pixel/Vision/84821111871196_atrio_medicamentos_principio_cientifico.mp4
AT_M	test	82	Pixel	video_data/AT_M/test_Pixel_0082_2461.jpeg	../dados_indoor_location/Pixel/Vision/84821111871196_atrio_medicamentos_principio_cientifico.mp4
AT_M	test	92	Pixel	video_data/AT_M/test_Pixel_0092_2762.jpeg	../dados_indoor_location/Pixel/Vision/84821111871196_atrio_medicamentos_principio_cientifico.mp4
AT_M	test	94	Pixel	video_data/AT_M/test_Pixel_0094_2822.jpeg	../dados_indoor_location/Pixel/Vision/84821111871196_atrio_medicamentos_principio_cientifico.mp4
AT_M	test	103	Pixel	video_data/AT_M/test_Pixel_0103_3092.jpeg	../dados_indoor_location/Pixel/Vision/84821111871196_atrio_medicamentos_principio_cientifico.mp4
AT_M	test	107	Pixel	video_data/AT_M/test_Pixel_0107_3212.jpeg	../dados_indoor_location/Pixel/Vision/84821111871196_atrio_medicamentos_principio_cientifico.mp4
AT_M	test	116	Pixel	video_data/AT_M/test_Pixel_0116_3482.jpeg	../dados_indoor_location/Pixel/Vision/84821111871196_atrio_medicamentos_principio_cientifico.mp4
AT_O1	test	0	Pixel	video_data/AT_O1/test_Pixel_0000_0000.jpeg	../dados_indoor_location/Pixel/Vision/85313083111664_atrio_ovo_esferico.mp4
AT_O1	test	8	Pixel	video_data/AT_O1/test_Pixel_0008_0241.jpeg	../dados_indoor_location/Pixel/Vision/85313083111664_atrio_ovo_esferico.mp4
AT_O1	test	13	Pixel	video_data/AT_O1/test_Pixel_0013_0391.jpeg	../dados_indoor_location/Pixel/Vision/85313083111664_atrio_ovo_esferico.mp4
AT_O1	test	16	Pixel	video_data/AT_O1/test_Pixel_0016_0481.jpeg	../dados_indoor_location/Pixel/Vision/85313083111664_atrio_ovo_esferico.mp4
AT_O1	test	30	Pixel	video_data/AT_O1/test_Pixel_0030_0901.jpeg	../dados_indoor_location/Pixel/Vision/85313083111664_atrio_ovo_esferico.mp4
AT_O1	test	35	Pixel	video_data/AT_O1/test_Pixel_0035_1051.jpeg	../dados_indoor_location/Pixel/Vision/85313083111664_atrio_ovo_esferico.mp4
AT_O1	test	44	Pixel	video_data/AT_O1/test_Pixel_0044_1321.jpeg	../dados_indoor_location/Pixel/Vision/85313083111664_atrio_ovo_esferico.mp4
AT_O1	test	50	Pixel	video_data/AT_O1/test_Pixel_0050_1501.jpeg	../dados_indoor_location/Pixel/Vision/85313083111664_atrio_ovo_esferico.mp4
AT_O1	test	51	Pixel	video_data/AT_O1/test_Pixel_0051_1531.jpeg	../dados_indoor_location/Pixel/Vision/85313083111664_atrio_ovo_esferico.mp4
AT_O1	test	55	Pixel	video_data/AT_O1/test_Pixel_0055_1651.jpeg	../dados_indoor_location/Pixel/Vision/85313083111664_atrio_ovo_esferico.mp4
AT_O1	test	57	Pixel	video_data/AT_O1/test_Pixel_0057_1711.jpeg	../dados_indoor_location/Pixel/Vision/85313083111664_atrio_ovo_esferico.mp4
AT_O1	test	58	Pixel	video_data/AT_O1/test_Pixel_0058_1741.jpeg	../dados_indoor_location/Pixel/Vision/85313083111664_atrio_ovo_esferico.mp4
AT_O1	test	63	Pixel	video_data/AT_O1/test_Pixel_0063_1891.jpeg	../dados_indoor_location/Pixel/Vision/85313083111664_atrio_ovo_esferico.mp4
AT_O1	test	64	Pixel	video_data/AT_O1/test_Pixel_0064_1921.jpeg	../dados_indoor_location/Pixel/Vision/85313083111664_atrio_ovo_esferico.mp4
AT_O1	test	65	Pixel	video_data/AT_O1/test_Pixel_0065_1951.jpeg	../dados_indoor_location/Pixel/Vision/85313083111664_atrio_ovo_esferico.mp4
AT_O1	test	72	Pixel	video_data/AT_O1/test_Pixel_0072_2161.jpeg	../dados_indoor_location/Pixel/Vision/85313083111664_atrio_ovo_esferico.mp4
AT_O1	test	74	Pixel	video_data/AT_O1/test_Pixel_0074_2221.jpeg	../dados_indoor_location/Pixel/Vision/85313083111664_atrio_ovo_esferico.mp4
AT_O1	test	76	Pixel	video_data/AT_O1/test_Pixel_0076_2281.jpeg	../dados_indoor_location/Pixel/Vision/85313083111664_atrio_ovo_esferico.mp4
AT_O1	test	82	Pixel	video_data/AT_O1/test_Pixel_0082_2461.jpeg	../dados_indoor_location/Pixel/Vision/85313083111664_atrio_ovo_esferico.mp4
AT_O1	test	86	Pixel	video_data/AT_O1/test_Pixel_0086_2581.jpeg	../dados_indoor_location/Pixel/Vision/85313083111664_atrio_ovo_esferico.mp4
AT_O1	test	89	Pixel	video_data/AT_O1/test_Pixel_0089_2671.jpeg	../dados_indoor_location/Pixel/Vision/85313083111664_atrio_ovo_esferico.mp4
AT_O1	test	94	Pixel	video_data/AT_O1/test_Pixel_0094_2821.jpeg	../dados_indoor_location/Pixel/Vision/85313083111664_atrio_ovo_esferico.mp4
AT_O1	test	107	Pixel	video_data/AT_O1/test_Pixel_0107_3211.jpeg	../dados_indoor_location/Pixel/Vision/85313083111664_atrio_ovo_esferico.mp4
AT_O1	test	117	Pixel	video_data/AT_O1/test_Pixel_0117_3511.jpeg	../dados_indoor_location/Pixel/Vision/85313083111664_atrio_ovo_esferico.mp4
AT_O1	test	118	Pixel	video_data/AT_O1/test_Pixel_0118_3541.jpeg	../dados_indoor_location/Pixel/Vision/85313083111664_atrio_ovo_esferico.mp4
AT_O1	test	120	Pixel	video_data/AT_O1/test_Pixel_0120_3601.jpeg	../dados_indoor_location/Pixel/Vision/85313083111664_atrio_ovo_esferico.mp4
AT_O1	test	121	Pixel	video_data/AT_O1/test_Pixel_0121_3631.jpeg	../dados_indoor_location/Pixel/Vision/85313083111664_atrio_ovo_esferico.mp4
AT_O1	test	123	Pixel	video_data/AT_O1/test_Pixel_0123_3691.jpeg	../dados_indoor_location/Pixel/Vision/85313083111664_atrio_ovo_esferico.mp4
AT_O2	test	0	Pixel	video_data/AT_O2/test_Pixel_0000_0000.jpeg	../dados_indoor_location/Pixel/Vision/85545998188408_atrio_ovos_principio_estetico.mp4
AT_O2	test	3	Pixel	video_data/AT_O2/test_Pixel_0003_0091.jpeg	../dados_indoor_location/Pixel/Vision/85545998188408_atrio_ovos_principio_estetico.mp4
AT_O2	test	6	Pixel	video_data/AT_O2/test_Pixel_0006_0181.jpeg	../dados_indoor_location/Pixel/Vision/85545998188408_atrio_ovos_principio_estetico.mp4
AT_O2	test	7	Pixel	video_data/AT_O2/test_Pixel_0007_0211.jpeg	../dados_indoor_location/Pixel/Vision/85545998188408_atrio_ovos_principio_estetico.mp4
AT_O2	test	20	Pixel	video_data/AT_O2/test_Pixel_0020_0601.jpeg	../dados_indoor_location/Pixel/Vision/85545998188408_atrio_ovos_principio_estetico.mp4
AT_O2	test	24	Pixel	video_data/AT_O2/test_Pixel_0024_0721.jpeg	../dados_indoor_location/Pixel/Vision/85545998188408_atrio_ovos_principio_estetico.mp4
AT_O2	test	29	Pixel	video_data/AT_O2/test_Pixel_0029_0871.jpeg	../dados_indoor_location/Pixel/Vision/85545998188408_atrio_ovos_principio_estetico.mp4
AT_O2	test	31	Pixel	video_data/AT_O2/test_Pixel_0031_0931.jpeg	../dados_indoor_location/Pixel/Vision/85545998188408_atrio_ovos_principio_estetico.mp4
AT_O2	test	34	Pixel	video_data/AT_O2/test_Pixel_0034_1021.jpeg	../dados_indoor_location/Pixel/Vision/85545998188408_atrio_ovos_principio_estetico.mp4
AT_O2	test	41	Pixel	video_data/AT_O2/test_Pixel_0041_1231.jpeg	../dados_indoor_location/Pixel/Vision/85545998188408_atrio_ovos_principio_estetico.mp4
AT_O2	test	61	Pixel	video_data/AT_O2/test_Pixel_0061_1831.jpeg	../dados_indoor_location/Pixel/Vision/85545998188408_atrio_ovos_principio_estetico.mp4
AT_O2	test	71	Pixel	video_data/AT_O2/test_Pixel_0071_2131.jpeg	../dados_indoor_location/Pixel/Vision/85545998188408_atrio_ovos_principio_estetico.mp4
AT_O2	test	76	Pixel	video_data/AT_O2/test_Pixel_0076_2281.jpeg	../dados_indoor_location/Pixel/Vision/85545998188408_atrio_ovos_principio_estetico.mp4
AT_O2	test	79	Pixel	video_data/AT_O2/test_Pixel_0079_2371.jpeg	../dados_indoor_location/Pixel/Vision/85545998188408_atrio_ovos_principio_estetico.mp4
AT_O2	test	84	Pixel	video_data/AT_O2/test_Pixel_0084_2521.jpeg	../dados_indoor_location/Pixel/Vision/85545998188408_atrio_ovos_principio_estetico.mp4
AT_O2	test	86	Pixel	video_data/AT_O2/test_Pixel_0086_2581.jpeg	../dados_indoor_location/Pixel/Vision/85545998188408_atrio_ovos_principio_estetico.mp4
AT_O2	test	105	Pixel	video_data/AT_O2/test_Pixel_0105_3152.jpeg	../dados_indoor_location/Pixel/Vision/85545998188408_atrio_ovos_principio_estetico.mp4
AT_O2	test	111	Pixel	video_data/AT_O2/test_Pixel_0111_3332.jpeg	../dados_indoor_location/Pixel/Vision/85545998188408_atrio_ovos_principio_estetico.mp4
AT_O2	test	113	Pixel	video_data/AT_O2/test_Pixel_0113_3392.jpeg	../dados_indoor_location/Pixel/Vision/85545998188408_atrio_ovos_principio_estetico.mp4
AT_O2	test	117	Pixel	video_data/AT_O2/test_Pixel_0117_3512.jpeg	../dados_indoor_location/Pixel/Vision/85545998188408_atrio_ovos_principio_estetico.mp4
AT_O2	test	119	Pixel	video_data/AT_O2/test_Pixel_0119_3572.jpeg	../dados_indoor_location/Pixel/Vision/85545998188408_atrio_ovos_principio_estetico.mp4
AT_S	test	0	Pixel	video_data/AT_S/test_Pixel_0000_0000.jpeg	../dados_indoor_location/Pixel/Vision/86019977985834_atrio_sementes_principio_economico.mp4
AT_S	test	1	Pixel	video_data/AT_S/test_Pixel_0001_0031.jpeg	../dados_indoor_location/Pixel/Vision/86019977985834_atrio_sementes_principio_economico.mp4
AT_S	test	21	Pixel	video_data/AT_S/test_Pixel_0021_0631.jpeg	../dados_indoor_location/Pixel/Vision/86019977985834_atrio_sementes_principio_economico.mp4
AT_S	test	23	Pixel	video_data/AT_S/test_Pixel_0023_0691.jpeg	../dados_indoor_location/Pixel/Vision/86019977985834_atrio_sementes_principio_economico.mp4
AT_S	test	25	Pixel	video_data/AT_S/test_Pixel_0025_0751.jpeg	../dados_indoor_location/Pixel/Vision/86019977985834_atrio_sementes_principio_economico.mp4
AT_S	test	37	Pixel	video_data/AT_S/test_Pixel_0037_1111.jpeg	../dados_indoor_location/Pixel/Vision/86019977985834_atrio_sementes_principio_economico.mp4
AT_S	test	60	Pixel	video_data/AT_S/test_Pixel_0060_1801.jpeg	../dados_indoor_location/Pixel/Vision/86019977985834_atrio_sementes_principio_economico.mp4
AT_S	test	62	Pixel	video_data/AT_S/test_Pixel_0062_1861.jpeg	../dados_indoor_location/Pixel/Vision/86019977985834_atrio_sementes_principio_economico.mp4
AT_S	test	64	Pixel	video_data/AT_S/test_Pixel_0064_1921.jpeg	../dados_indoor_location/Pixel/Vision/86019977985834_atrio_sementes_principio_economico.mp4
AT_S	test	66	Pixel	video_data/AT_S/test_Pixel_0066_1981.jpeg	../dados_indoor_location/Pixel/Vision/86019977985834_atrio_sementes_principio_economico.mp4
AT_S	test	79	Pixel	video_data/AT_S/test_Pixel_0079_2371.jpeg	../dados_indoor_location/Pixel/Vision/86019977985834_atrio_sementes_principio_economico.mp4
AT_S	test	80	Pixel	video_data/AT_S/test_Pixel_0080_2401.jpeg	../dados_indoor_location/Pixel/Vision/86019977985834_atrio_sementes_principio_economico.mp4
AT_S	test	82	Pixel	video_data/AT_S/test_Pixel_0082_2461.jpeg	../dados_indoor_location/Pixel/Vision/86019977985834_atrio_sementes_principio_economico.mp4
AT_S	test	84	Pixel	video_data/AT_S/test_Pixel_0084_2521.jpeg	../dados_indoor_location/Pixel/Vision/86019977985834_atrio_sementes_principio_economico.mp4
AT_S	test	93	Pixel	video_data/AT_S/test_Pixel_0093_2791.jpeg	../dados_indoor_location/Pixel/Vision/86019977985834_atrio_sementes_principio_economico.mp4
AT_S	test	100	Pixel	video_data/AT_S/test_Pixel_0100_3002.jpeg	../dados_indoor_location/Pixel/Vision/86019977985834_atrio_sementes_principio_economico.mp4
AT_S	test	106	Pixel	video_data/AT_S/test_Pixel_0106_3182.jpeg	../dados_indoor_location/Pixel/Vision/86019977985834_atrio_sementes_principio_economico.mp4
AT_S	test	107	Pixel	video_data/AT_S/test_Pixel_0107_3212.jpeg	../dados_indoor_location/Pixel/Vision/86019977985834_atrio_sementes_principio_economico.mp4
AT_S	test	112	Pixel	video_data/AT_S/test_Pixel_0112_3362.jpeg	../dados_indoor_location/Pixel/Vision/86019977985834_atrio_sementes_principio_economico.mp4
AT_S	test	114	Pixel	video_data/AT_S/test_Pixel_0114_3422.jpeg	../dados_indoor_location/Pixel/Vision/86019977985834_atrio_sementes_principio_economico.mp4
AT_I2	test	2	Pixel	video_data/AT_I2/test_Pixel_0002_0061.jpeg	../dados_indoor_location/Pixel/Vision/86330288461695_atrio_mamiferos_cadeira.mp4
AT_I2	test	6	Pixel	video_data/AT_I2/test_Pixel_0006_0181.jpeg	../dados_indoor_location/Pixel/Vision/86330288461695_atrio_mamiferos_cadeira.mp4
AT_I2	test	10	Pixel	video_data/AT_I2/test_Pixel_0010_0301.jpeg	../dados_indoor_location/Pixel/Vision/86330288461695_atrio_mamiferos_cadeira.mp4
AT_I2	test	21	Pixel	video_data/AT_I2/test_Pixel_0021_0631.jpeg	../dados_indoor_location/Pixel/Vision/86330288461695_atrio_mamiferos_cadeira.mp4
AT_I2	test	26	Pixel	video_data/AT_I2/test_Pixel_0026_0781.jpeg	../dados_indoor_location/Pixel/Vision/86330288461695_atrio_mamiferos_cadeira.mp4
AT_I2	test	32	Pixel	video_data/AT_I2/test_Pixel_0032_0961.jpeg	../dados_indoor_location/Pixel/Vision/86330288461695_atrio_mamiferos_cadeira.mp4
AT_I2	test	39	Pixel	video_data/AT_I2/test_Pixel_0039_1171.jpeg	../dados_indoor_location/Pixel/Vision/86330288461695_atrio_mamiferos_cadeira.mp4
AT_I2	test	44	Pixel	video_data/AT_I2/test_Pixel_0044_1321.jpeg	../dados_indoor_location/Pixel/Vision/86330288461695_atrio_mamiferos_cadeira.mp4
AT_I2	test	59	Pixel	video_data/AT_I2/test_Pixel_0059_1771.jpeg	../dados_indoor_location/Pixel/Vision/86330288461695_atrio_mamiferos_cadeira.mp4
AT_I2	test	64	Pixel	video_data/AT_I2/test_Pixel_0064_1921.jpeg	../dados_indoor_location/Pixel/Vision/86330288461695_atrio_mamiferos_cadeira.mp4
AT_I2	test	72	Pixel	video_data/AT_I2/test_Pixel_0072_2162.jpeg	../dados_indoor_location/Pixel/Vision/86330288461695_atrio_mamiferos_cadeira.mp4
AT_I2	test	89	Pixel	video_data/AT_I2/test_Pixel_0089_2672.jpeg	../dados_indoor_location/Pixel/Vision/86330288461695_atrio_mamiferos_cadeira.mp4
AT_I2	test	91	Pixel	video_data/AT_I2/test_Pixel_0091_2732.jpeg	../dados_indoor_location/Pixel/Vision/86330288461695_atrio_mamiferos_cadeira.mp4
AT_I2	test	94	Pixel	video_data/AT_I2/test_Pixel_0094_2822.jpeg	../dados_indoor_location/Pixel/Vision/86330288461695_atrio_mamiferos_cadeira.mp4
AT_I2	test	96	Pixel	video_data/AT_I2/test_Pixel_0096_2882.jpeg	../dados_indoor_location/Pixel/Vision/86330288461695_atrio_mamiferos_cadeira.mp4
AT_I2	test	105	Pixel	video_data/AT_I2/test_Pixel_0105_3152.jpeg	../dados_indoor_location/Pixel/Vision/86330288461695_atrio_mamiferos_cadeira.mp4
AT_I2	test	113	Pixel	video_data/AT_I2/test_Pixel_0113_3392.jpeg	../dados_indoor_location/Pixel/Vision/86330288461695_atrio_mamiferos_cadeira.mp4
AT_I2	test	115	Pixel	video_data/AT_I2/test_Pixel_0115_3452.jpeg	../dados_indoor_location/Pixel/Vision/86330288461695_atrio_mamiferos_cadeira.mp4
AT_I2	test	119	Pixel	video_data/AT_I2/test_Pixel_0119_3572.jpeg	../dados_indoor_location/Pixel/Vision/86330288461695_atrio_mamiferos_cadeira.mp4
AT_I2	test	120	Pixel	video_data/AT_I2/test_Pixel_0120_3602.jpeg	../dados_indoor_location/Pixel/Vision/86330288461695_atrio_mamiferos_cadeira.mp4
AT_I2	test	122	Pixel	video_data/AT_I2/test_Pixel_0122_3662.jpeg	../dados_indoor_location/Pixel/Vision/86330288461695_atrio_mamiferos_cadeira.mp4
AT_I2	test	124	Pixel	video_data/AT_I2/test_Pixel_0124_3722.jpeg	../dados_indoor_location/Pixel/Vision/86330288461695_atrio_mamiferos_cadeira.mp4
HA	test	2	Pixel	video_data/HA/test_Pixel_0002_0061.jpeg	../dados_indoor_location/Pixel/Vision/86667880780221_hall_primeiro_andar.mp4
HA	test	10	Pixel	video_data/HA/test_Pixel_0010_0301.jpeg	../dados_indoor_location/Pixel/Vision/86667880780221_hall_primeiro_andar.mp4
HA	test	12	Pixel	video_data/HA/test_Pixel_0012_0361.jpeg	../dados_indoor_location/Pixel/Vision/86667880780221_hall_primeiro_andar.mp4
HA	test	13	Pixel	video_data/HA/test_Pixel_0013_0391.jpeg	../dados_indoor_location/Pixel/Vision/86667880780221_hall_primeiro_andar.mp4
HA	test	17	Pixel	video_data/HA/test_Pixel_0017_0511.jpeg	../dados_indoor_location/Pixel/Vision/86667880780221_hall_primeiro_andar.mp4
HA	test	30	Pixel	video_data/HA/test_Pixel_0030_0901.jpeg	../dados_indoor_location/Pixel/Vision/86667880780221_hall_primeiro_andar.mp4
HA	test	31	Pixel	video_data/HA/test_Pixel_0031_0931.jpeg	../dados_indoor_location/Pixel/Vision/86667880780221_hall_primeiro_andar.mp4
HA	test	33	Pixel	video_data/HA/test_Pixel_0033_0991.jpeg	../dados_indoor_location/Pixel/Vision/86667880780221_hall_primeiro_andar.mp4
HA	test	34	Pixel	video_data/HA/test_Pixel_0034_1021.jpeg	../dados_indoor_location/Pixel/Vision/86667880780221_hall_primeiro_andar.mp4
HA	test	35	Pixel	video_data/HA/test_Pixel_0035_1051.jpeg	../dados_indoor_location/Pixel/Vision/86667880780221_hall_primeiro_andar.mp4
HA	test	39	Pixel	video_data/HA/test_Pixel_0039_1171.jpeg	../dados_indoor_location/Pixel/Vision/86667880780221_hall_primeiro_andar.mp4
HA	test	41	Pixel	video_data/HA/test_Pixel_0041_1231.jpeg	../dados_indoor_location/Pixel/Vision/86667880780221_hall_primeiro_andar.mp4
HA	test	42	Pixel	video_data/HA/test_Pixel_0042_1261.jpeg	../dados_indoor_location/Pixel/Vision/86667880780221_hall_primeiro_andar.mp4
HA	test	46	Pixel	video_data/HA/test_Pixel_0046_1381.jpeg	../dados_indoor_location/Pixel/Vision/86667880780221_hall_primeiro_andar.mp4
HA	test	66	Pixel	video_data/HA/test_Pixel_0066_1981.jpeg	../dados_indoor_location/Pixel/Vision/86667880780221_hall_primeiro_andar.mp4
HA	test	71	Pixel	video_data/HA/test_Pixel_0071_2131.jpeg	../dados_indoor_location/Pixel/Vision/86667880780221_hall_primeiro_andar.mp4
HA	test	72	Pixel	video_data/HA/test_Pixel_0072_2161.jpeg	../dados_indoor_location/Pixel/Vision/86667880780221_hall_primeiro_andar.mp4
HA	test	83	Pixel	video_data/HA/test_Pixel_0083_2492.jpeg	../dados_indoor_location/Pixel/Vision/86667880780221_hall_primeiro_andar.mp4
HA	test	90	Pixel	video_data/HA/test_Pixel_0090_2702.jpeg	../dados_indoor_location/Pixel/Vision/86667880780221_hall_primeiro_andar.mp4
HA	test	95	Pixel	video_data/HA/test_Pixel_0095_2852.jpeg	../dados_indoor_location/Pixel/Vision/86667880780221_hall_primeiro_andar.mp4
HA	test	98	Pixel	video_data/HA/test_Pixel_0098_2942.jpeg	../dados_indoor_location/Pixel/Vision/86667880780221_hall_primeiro_andar.mp4
HA	test	102	Pixel	video_data/HA/test_Pixel_0102_3062.jpeg	../dados_indoor_location/Pixel/Vision/86667880780221_hall_primeiro_andar.mp4
HA	test	104	Pixel	video_data/HA/test_Pixel_0104_3122.jpeg	../dados_indoor_location/Pixel/Vision/86667880780221_hall_primeiro_andar.mp4
HA	test	112	Pixel	video_data/HA/test_Pixel_0112_3362.jpeg	../dados_indoor_location/Pixel/Vision/86667880780221_hall_primeiro_andar.mp4
GL	test	1	Pixel	video_data/GL/test_Pixel_0001_0031.jpeg	../dados_indoor_location/Pixel/Vision/87361071907453_globo.mp4
GL	test	2	Pixel	video_data/GL/test_Pixel_0002_0061.jpeg	../dados_indoor_location/Pixel/Vision/87361071907453_globo.mp4
GL	test	16	Pixel	video_data/GL/test_Pixel_0016_0481.jpeg	../dados_indoor_location/Pixel/Vision/87361071907453_globo.mp4
GL	test	24	Pixel	video_data/GL/test_Pixel_0024_0721.jpeg	../dados_indoor_location/Pixel/Vision/87361071907453_globo.mp4
GL	test	28	Pixel	video_data/GL/test_Pixel_0028_0841.jpeg	../dados_indoor_location/Pixel/Vision/87361071907453_globo.mp4
GL	test	30	Pixel	video_data/GL/test_Pixel_0030_0901.jpeg	../dados_indoor_location/Pixel/Vision/87361071907453_globo.mp4
GL	test	34	Pixel	video_data/GL/test_Pixel_0034_1021.jpeg	../dados_indoor_location/Pixel/Vision/87361071907453_globo.mp4
GL	test	48	Pixel	video_data/GL/test_Pixel_0048_1441.jpeg	../dados_indoor_location/Pixel/Vision/87361071907453_globo.mp4
GL	test	52	Pixel	video_data/GL/test_Pixel_0052_1561.jpeg	../dados_indoor_location/Pixel/Vision/87361071907453_globo.mp4
GL	test	60	Pixel	video_data/GL/test_Pixel_0060_1801.jpeg	../dados_indoor_location/Pixel/Vision/87361071907453_globo.mp4
GL	test	61	Pixel	video_data/GL/test_Pixel_0061_1831.jpeg	../dados_indoor_location/Pixel/Vision/87361071907453_globo.mp4
GL	test	66	Pixel	video_data/GL/test_Pixel_0066_1981.jpeg	../dados_indoor_location/Pixel/Vision/87361071907453_globo.mp4
GL	test	67	Pixel	video_data/GL/test_Pixel_0067_2011.jpeg	../dados_indoor_location/Pixel/Vision/87361071907453_globo.mp4
GL	test	76	Pixel	video_data/GL/test_Pixel_0076_2281.jpeg	../dados_indoor_location/Pixel/Vision/87361071907453_globo.mp4
GL	test	78	Pixel	video_data/GL/test_Pixel_0078_2341.jpeg	../dados_indoor_location/Pixel/Vision/87361071907453_globo.mp4
GL	test	85	Pixel	video_data/GL/test_Pixel_0085_2551.jpeg	../dados_indoor_location/Pixel/Vision/87361071907453_globo.mp4
GL	test	89	Pixel	video_data/GL/test_Pixel_0089_2671.jpeg	../dados_indoor_location/Pixel/Vision/87361071907453_globo.mp4
GL	test	99	Pixel	video_data/GL/test_Pixel_0099_2971.jpeg	../dados_indoor_location/Pixel/Vision/87361071907453_globo.mp4
GL	test	116	Pixel	video_data/GL/test_Pixel_0116_3481.jpeg	../dados_indoor_location/Pixel/Vision/87361071907453_globo.mp4
